method,task_count,solved_tasks,solve_rate,mean_fraction_tests_passed,median_fraction_tests_passed,mean_elapsed_time_ms,median_elapsed_time_ms,mean_llm_input_tokens,mean_llm_total_tokens,median_llm_total_tokens,mean_llm_reasoning_tokens,mean_llm_execution_tokens,tokens_per_solved_task,time_per_solved_task
rainbow,10,8,0.800000,0.800000,1.000000,15353.240842,10043.978021,1047.700000,1694.500000,1253.000000,,,2118.125000,19191.551052
codex_5_4_low,10,8,0.800000,1.000000,1.000000,65865.847521,63209.340917,240964.600000,243812.500000,214720.500000,,,304765.625000,82332.309401
codex_5_4_medium,10,9,0.900000,0.980000,1.000000,79198.452188,89232.768834,261447.200000,264885.700000,263738.500000,,,294317.444444,87998.280209
codex_5_4_high,10,10,1.000000,1.000000,1.000000,93375.496783,90473.045625,308025.100000,312123.900000,297369.500000,,,312123.900000,93375.496783
